mode,tu_size,perf_event,count
baseline,4,16,16,3000,cycles,104325198
baseline,4,16,16,3000,instructions,57464393
baseline,4,16,16,3000,L1-dcache-loads,13933293
baseline,4,16,16,3000,L1-dcache-load-misses,<not
baseline,4,16,16,3000,LLC-loads,130492
baseline,4,16,16,3000,LLC-load-misses,0
baseline,4,16,16,3000,LLC-stores,<not
baseline,4,16,16,3000,LLC-store-misses,<not
baseline,4,16,16,3000,cache-misses,<not
baseline,4,16,16,3000,cache-references,<not
baseline,4,16,16,3000,stalled-cycles-frontend,<not
baseline,4,16,16,3000,stalled-cycles-backend,<not
baseline,8,64,64,3000,cycles,96561183
baseline,8,64,64,3000,instructions,64480323
baseline,8,64,64,3000,L1-dcache-loads,15634434
baseline,8,64,64,3000,L1-dcache-load-misses,<not
baseline,8,64,64,3000,LLC-loads,142083
baseline,8,64,64,3000,LLC-load-misses,0
baseline,8,64,64,3000,LLC-stores,<not
baseline,8,64,64,3000,LLC-store-misses,<not
baseline,8,64,64,3000,cache-misses,<not
baseline,8,64,64,3000,cache-references,<not
baseline,8,64,64,3000,stalled-cycles-frontend,<not
baseline,8,64,64,3000,stalled-cycles-backend,<not
baseline,16,256,256,3000,cycles,94179583
baseline,16,256,256,3000,instructions,62319323
baseline,16,256,256,3000,L1-dcache-loads,15109689
baseline,16,256,256,3000,L1-dcache-load-misses,<not
baseline,16,256,256,3000,LLC-loads,139000
baseline,16,256,256,3000,LLC-load-misses,279
baseline,16,256,256,3000,LLC-stores,<not
baseline,16,256,256,3000,LLC-store-misses,<not
baseline,16,256,256,3000,cache-misses,<not
baseline,16,256,256,3000,cache-references,<not
baseline,16,256,256,3000,stalled-cycles-frontend,<not
baseline,16,256,256,3000,stalled-cycles-backend,<not
baseline,32,1024,1024,3000,cycles,74183559
baseline,32,1024,1024,3000,instructions,43705669
baseline,32,1024,1024,3000,L1-dcache-loads,10596698
baseline,32,1024,1024,3000,L1-dcache-load-misses,<not
baseline,32,1024,1024,3000,LLC-loads,101406
baseline,32,1024,1024,3000,LLC-load-misses,0
baseline,32,1024,1024,3000,LLC-stores,<not
baseline,32,1024,1024,3000,LLC-store-misses,<not
baseline,32,1024,1024,3000,cache-misses,<not
baseline,32,1024,1024,3000,cache-references,<not
baseline,32,1024,1024,3000,stalled-cycles-frontend,<not
baseline,32,1024,1024,3000,stalled-cycles-backend,<not
baseline,64,4096,4096,3000,cycles,0
baseline,64,4096,4096,3000,instructions,51285938
baseline,64,4096,4096,3000,L1-dcache-loads,12433945
baseline,64,4096,4096,3000,L1-dcache-load-misses,<not
baseline,64,4096,4096,3000,LLC-loads,114621
baseline,64,4096,4096,3000,LLC-load-misses,0
baseline,64,4096,4096,3000,LLC-stores,<not
baseline,64,4096,4096,3000,LLC-store-misses,<not
baseline,64,4096,4096,3000,cache-misses,<not
baseline,64,4096,4096,3000,cache-references,<not
baseline,64,4096,4096,3000,stalled-cycles-frontend,<not
baseline,64,4096,4096,3000,stalled-cycles-backend,<not
subarray,4,16,16,3000,cycles,3024740
subarray,4,16,16,3000,instructions,1830981
subarray,4,16,16,3000,L1-dcache-loads,443932
subarray,4,16,16,3000,L1-dcache-load-misses,<not
subarray,4,16,16,3000,LLC-loads,4289
subarray,4,16,16,3000,LLC-load-misses,0
subarray,4,16,16,3000,LLC-stores,<not
subarray,4,16,16,3000,LLC-store-misses,<not
subarray,4,16,16,3000,cache-misses,<not
subarray,4,16,16,3000,cache-references,<not
subarray,4,16,16,3000,stalled-cycles-frontend,<not
subarray,4,16,16,3000,stalled-cycles-backend,<not
subarray,8,64,64,3000,cycles,0
subarray,8,64,64,3000,instructions,3608849
subarray,8,64,64,3000,L1-dcache-loads,874942
subarray,8,64,64,3000,L1-dcache-load-misses,<not
subarray,8,64,64,3000,LLC-loads,8033
subarray,8,64,64,3000,LLC-load-misses,0
subarray,8,64,64,3000,LLC-stores,<not
subarray,8,64,64,3000,LLC-store-misses,<not
subarray,8,64,64,3000,cache-misses,<not
subarray,8,64,64,3000,cache-references,<not
subarray,8,64,64,3000,stalled-cycles-frontend,<not
subarray,8,64,64,3000,stalled-cycles-backend,<not
subarray,16,256,256,3000,cycles,6753033
subarray,16,256,256,3000,instructions,4291608
subarray,16,256,256,3000,L1-dcache-loads,1040525
subarray,16,256,256,3000,L1-dcache-load-misses,<not
subarray,16,256,256,3000,LLC-loads,10034
subarray,16,256,256,3000,LLC-load-misses,0
subarray,16,256,256,3000,LLC-stores,<not
subarray,16,256,256,3000,LLC-store-misses,<not
subarray,16,256,256,3000,cache-misses,<not
subarray,16,256,256,3000,cache-references,<not
subarray,16,256,256,3000,stalled-cycles-frontend,<not
subarray,16,256,256,3000,stalled-cycles-backend,<not
subarray,32,1024,1024,3000,cycles,0
subarray,32,1024,1024,3000,instructions,11667823
subarray,32,1024,1024,3000,L1-dcache-loads,2829077
subarray,32,1024,1024,3000,L1-dcache-load-misses,<not
subarray,32,1024,1024,3000,LLC-loads,25605
subarray,32,1024,1024,3000,LLC-load-misses,0
subarray,32,1024,1024,3000,LLC-stores,<not
subarray,32,1024,1024,3000,LLC-store-misses,<not
subarray,32,1024,1024,3000,cache-misses,<not
subarray,32,1024,1024,3000,cache-references,<not
subarray,32,1024,1024,3000,stalled-cycles-frontend,<not
subarray,32,1024,1024,3000,stalled-cycles-backend,<not
subarray,64,4096,4096,3000,cycles,61005428
subarray,64,4096,4096,3000,instructions,38345168
subarray,64,4096,4096,3000,L1-dcache-loads,9297962
subarray,64,4096,4096,3000,L1-dcache-load-misses,<not
subarray,64,4096,4096,3000,LLC-loads,83805
subarray,64,4096,4096,3000,LLC-load-misses,0
subarray,64,4096,4096,3000,LLC-stores,<not
subarray,64,4096,4096,3000,LLC-store-misses,<not
subarray,64,4096,4096,3000,cache-misses,<not
subarray,64,4096,4096,3000,cache-references,<not
subarray,64,4096,4096,3000,stalled-cycles-frontend,<not
subarray,64,4096,4096,3000,stalled-cycles-backend,<not
earlyexit,4,16,16,3000,cycles,2839139
earlyexit,4,16,16,3000,instructions,1724316
earlyexit,4,16,16,3000,L1-dcache-loads,411684
earlyexit,4,16,16,3000,L1-dcache-load-misses,<not
earlyexit,4,16,16,3000,LLC-loads,4159
earlyexit,4,16,16,3000,LLC-load-misses,0
earlyexit,4,16,16,3000,LLC-stores,<not
earlyexit,4,16,16,3000,LLC-store-misses,<not
earlyexit,4,16,16,3000,cache-misses,<not
earlyexit,4,16,16,3000,cache-references,<not
earlyexit,4,16,16,3000,stalled-cycles-frontend,<not
earlyexit,4,16,16,3000,stalled-cycles-backend,<not
earlyexit,8,64,64,3000,cycles,4039507
earlyexit,8,64,64,3000,instructions,2806600
earlyexit,8,64,64,3000,L1-dcache-loads,680489
earlyexit,8,64,64,3000,L1-dcache-load-misses,<not
earlyexit,8,64,64,3000,LLC-loads,6411
earlyexit,8,64,64,3000,LLC-load-misses,0
earlyexit,8,64,64,3000,LLC-stores,<not
earlyexit,8,64,64,3000,LLC-store-misses,<not
earlyexit,8,64,64,3000,cache-misses,<not
earlyexit,8,64,64,3000,cache-references,<not
earlyexit,8,64,64,3000,stalled-cycles-frontend,<not
earlyexit,8,64,64,3000,stalled-cycles-backend,<not
earlyexit,16,256,256,3000,cycles,8236803
earlyexit,16,256,256,3000,instructions,5321357
earlyexit,16,256,256,3000,L1-dcache-loads,1290131
earlyexit,16,256,256,3000,L1-dcache-load-misses,<not
earlyexit,16,256,256,3000,LLC-loads,11772
earlyexit,16,256,256,3000,LLC-load-misses,0
earlyexit,16,256,256,3000,LLC-stores,<not
earlyexit,16,256,256,3000,LLC-store-misses,<not
earlyexit,16,256,256,3000,cache-misses,<not
earlyexit,16,256,256,3000,cache-references,<not
earlyexit,16,256,256,3000,stalled-cycles-frontend,<not
earlyexit,16,256,256,3000,stalled-cycles-backend,<not
earlyexit,32,1024,1024,3000,cycles,19203767
earlyexit,32,1024,1024,3000,instructions,14136647
earlyexit,32,1024,1024,3000,L1-dcache-loads,3427513
earlyexit,32,1024,1024,3000,L1-dcache-load-misses,<not
earlyexit,32,1024,1024,3000,LLC-loads,32990
earlyexit,32,1024,1024,3000,LLC-load-misses,0
earlyexit,32,1024,1024,3000,LLC-stores,<not
earlyexit,32,1024,1024,3000,LLC-store-misses,<not
earlyexit,32,1024,1024,3000,cache-misses,<not
earlyexit,32,1024,1024,3000,cache-references,<not
earlyexit,32,1024,1024,3000,stalled-cycles-frontend,<not
earlyexit,32,1024,1024,3000,stalled-cycles-backend,<not
earlyexit,64,4096,4096,3000,cycles,<not
earlyexit,64,4096,4096,3000,instructions,<not
earlyexit,64,4096,4096,3000,L1-dcache-loads,<not
earlyexit,64,4096,4096,3000,L1-dcache-load-misses,<not
earlyexit,64,4096,4096,3000,LLC-loads,<not
earlyexit,64,4096,4096,3000,LLC-load-misses,<not
earlyexit,64,4096,4096,3000,LLC-stores,<not
earlyexit,64,4096,4096,3000,LLC-store-misses,<not
earlyexit,64,4096,4096,3000,cache-misses,<not
earlyexit,64,4096,4096,3000,cache-references,<not
earlyexit,64,4096,4096,3000,stalled-cycles-frontend,<not
earlyexit,64,4096,4096,3000,stalled-cycles-backend,<not
t4x4,4,16,16,3000,cycles,959909
t4x4,4,16,16,3000,instructions,720727
t4x4,4,16,16,3000,L1-dcache-loads,174756
t4x4,4,16,16,3000,L1-dcache-load-misses,<not
t4x4,4,16,16,3000,LLC-loads,1672
t4x4,4,16,16,3000,LLC-load-misses,3
t4x4,4,16,16,3000,LLC-stores,<not
t4x4,4,16,16,3000,LLC-store-misses,<not
t4x4,4,16,16,3000,cache-misses,<not
t4x4,4,16,16,3000,cache-references,<not
t4x4,4,16,16,3000,stalled-cycles-frontend,<not
t4x4,4,16,16,3000,stalled-cycles-backend,<not
t4x4,8,64,64,3000,cycles,1161721
t4x4,8,64,64,3000,instructions,799201
t4x4,8,64,64,3000,L1-dcache-loads,193800
t4x4,8,64,64,3000,L1-dcache-load-misses,<not
t4x4,8,64,64,3000,LLC-loads,1814
t4x4,8,64,64,3000,LLC-load-misses,0
t4x4,8,64,64,3000,LLC-stores,<not
t4x4,8,64,64,3000,LLC-store-misses,<not
t4x4,8,64,64,3000,cache-misses,<not
t4x4,8,64,64,3000,cache-references,<not
t4x4,8,64,64,3000,stalled-cycles-frontend,<not
t4x4,8,64,64,3000,stalled-cycles-backend,<not
t4x4,16,256,256,3000,cycles,1209870
t4x4,16,256,256,3000,instructions,772535
t4x4,16,256,256,3000,L1-dcache-loads,187334
t4x4,16,256,256,3000,L1-dcache-load-misses,<not
t4x4,16,256,256,3000,LLC-loads,1754
t4x4,16,256,256,3000,LLC-load-misses,0
t4x4,16,256,256,3000,LLC-stores,<not
t4x4,16,256,256,3000,LLC-store-misses,<not
t4x4,16,256,256,3000,cache-misses,<not
t4x4,16,256,256,3000,cache-references,<not
t4x4,16,256,256,3000,stalled-cycles-frontend,<not
t4x4,16,256,256,3000,stalled-cycles-backend,<not
t4x4,32,1024,1024,3000,cycles,1200066
t4x4,32,1024,1024,3000,instructions,714448
t4x4,32,1024,1024,3000,L1-dcache-loads,173222
t4x4,32,1024,1024,3000,L1-dcache-load-misses,<not
t4x4,32,1024,1024,3000,LLC-loads,1651
t4x4,32,1024,1024,3000,LLC-load-misses,3
t4x4,32,1024,1024,3000,LLC-stores,<not
t4x4,32,1024,1024,3000,LLC-store-misses,<not
t4x4,32,1024,1024,3000,cache-misses,<not
t4x4,32,1024,1024,3000,cache-references,<not
t4x4,32,1024,1024,3000,stalled-cycles-frontend,<not
t4x4,32,1024,1024,3000,stalled-cycles-backend,<not
t4x4,64,4096,4096,3000,cycles,<not
t4x4,64,4096,4096,3000,instructions,<not
t4x4,64,4096,4096,3000,L1-dcache-loads,<not
t4x4,64,4096,4096,3000,L1-dcache-load-misses,<not
t4x4,64,4096,4096,3000,LLC-loads,<not
t4x4,64,4096,4096,3000,LLC-load-misses,<not
t4x4,64,4096,4096,3000,LLC-stores,<not
t4x4,64,4096,4096,3000,LLC-store-misses,<not
t4x4,64,4096,4096,3000,cache-misses,<not
t4x4,64,4096,4096,3000,cache-references,<not
t4x4,64,4096,4096,3000,stalled-cycles-frontend,<not
t4x4,64,4096,4096,3000,stalled-cycles-backend,<not
t8x8,4,16,16,3000,cycles,1984884
t8x8,4,16,16,3000,instructions,1069223
t8x8,4,16,16,3000,L1-dcache-loads,259239
t8x8,4,16,16,3000,L1-dcache-load-misses,<not
t8x8,4,16,16,3000,LLC-loads,2524
t8x8,4,16,16,3000,LLC-load-misses,23
t8x8,4,16,16,3000,LLC-stores,<not
t8x8,4,16,16,3000,LLC-store-misses,<not
t8x8,4,16,16,3000,cache-misses,<not
t8x8,4,16,16,3000,cache-references,<not
t8x8,4,16,16,3000,stalled-cycles-frontend,<not
t8x8,4,16,16,3000,stalled-cycles-backend,<not
t8x8,8,64,64,3000,cycles,<not
t8x8,8,64,64,3000,instructions,<not
t8x8,8,64,64,3000,L1-dcache-loads,<not
t8x8,8,64,64,3000,L1-dcache-load-misses,<not
t8x8,8,64,64,3000,LLC-loads,<not
t8x8,8,64,64,3000,LLC-load-misses,<not
t8x8,8,64,64,3000,LLC-stores,<not
t8x8,8,64,64,3000,LLC-store-misses,<not
t8x8,8,64,64,3000,cache-misses,<not
t8x8,8,64,64,3000,cache-references,<not
t8x8,8,64,64,3000,stalled-cycles-frontend,<not
t8x8,8,64,64,3000,stalled-cycles-backend,<not
t8x8,16,256,256,3000,cycles,1905555
t8x8,16,256,256,3000,instructions,1173907
t8x8,16,256,256,3000,L1-dcache-loads,284620
t8x8,16,256,256,3000,L1-dcache-load-misses,<not
t8x8,16,256,256,3000,LLC-loads,2697
t8x8,16,256,256,3000,LLC-load-misses,0
t8x8,16,256,256,3000,LLC-stores,<not
t8x8,16,256,256,3000,LLC-store-misses,<not
t8x8,16,256,256,3000,cache-misses,<not
t8x8,16,256,256,3000,cache-references,<not
t8x8,16,256,256,3000,stalled-cycles-frontend,<not
t8x8,16,256,256,3000,stalled-cycles-backend,<not
t8x8,32,1024,1024,3000,cycles,1491100
t8x8,32,1024,1024,3000,instructions,1118866
t8x8,32,1024,1024,3000,L1-dcache-loads,271289
t8x8,32,1024,1024,3000,L1-dcache-load-misses,<not
t8x8,32,1024,1024,3000,LLC-loads,2400
t8x8,32,1024,1024,3000,LLC-load-misses,0
t8x8,32,1024,1024,3000,LLC-stores,<not
t8x8,32,1024,1024,3000,LLC-store-misses,<not
t8x8,32,1024,1024,3000,cache-misses,<not
t8x8,32,1024,1024,3000,cache-references,<not
t8x8,32,1024,1024,3000,stalled-cycles-frontend,<not
t8x8,32,1024,1024,3000,stalled-cycles-backend,<not
t8x8,64,4096,4096,3000,cycles,2516403
t8x8,64,4096,4096,3000,instructions,1378822
t8x8,64,4096,4096,3000,L1-dcache-loads,334304
t8x8,64,4096,4096,3000,L1-dcache-load-misses,<not
t8x8,64,4096,4096,3000,LLC-loads,3625
t8x8,64,4096,4096,3000,LLC-load-misses,0
t8x8,64,4096,4096,3000,LLC-stores,<not
t8x8,64,4096,4096,3000,LLC-store-misses,<not
t8x8,64,4096,4096,3000,cache-misses,<not
t8x8,64,4096,4096,3000,cache-references,<not
t8x8,64,4096,4096,3000,stalled-cycles-frontend,<not
t8x8,64,4096,4096,3000,stalled-cycles-backend,<not
t16x16,4,16,16,3000,cycles,5830982
t16x16,4,16,16,3000,instructions,4481164
t16x16,4,16,16,3000,L1-dcache-loads,1086484
t16x16,4,16,16,3000,L1-dcache-load-misses,<not
t16x16,4,16,16,3000,LLC-loads,10155
t16x16,4,16,16,3000,LLC-load-misses,0
t16x16,4,16,16,3000,LLC-stores,<not
t16x16,4,16,16,3000,LLC-store-misses,<not
t16x16,4,16,16,3000,cache-misses,<not
t16x16,4,16,16,3000,cache-references,<not
t16x16,4,16,16,3000,stalled-cycles-frontend,<not
t16x16,4,16,16,3000,stalled-cycles-backend,<not
t16x16,8,64,64,3000,cycles,5147457
t16x16,8,64,64,3000,instructions,4516987
t16x16,8,64,64,3000,L1-dcache-loads,1095226
t16x16,8,64,64,3000,L1-dcache-load-misses,<not
t16x16,8,64,64,3000,LLC-loads,11149
t16x16,8,64,64,3000,LLC-load-misses,0
t16x16,8,64,64,3000,LLC-stores,<not
t16x16,8,64,64,3000,LLC-store-misses,<not
t16x16,8,64,64,3000,cache-misses,<not
t16x16,8,64,64,3000,cache-references,<not
t16x16,8,64,64,3000,stalled-cycles-frontend,<not
t16x16,8,64,64,3000,stalled-cycles-backend,<not
t16x16,16,256,256,3000,cycles,4829685
t16x16,16,256,256,3000,instructions,4008977
t16x16,16,256,256,3000,L1-dcache-loads,972049
t16x16,16,256,256,3000,L1-dcache-load-misses,<not
t16x16,16,256,256,3000,LLC-loads,9049
t16x16,16,256,256,3000,LLC-load-misses,0
t16x16,16,256,256,3000,LLC-stores,<not
t16x16,16,256,256,3000,LLC-store-misses,<not
t16x16,16,256,256,3000,cache-misses,<not
t16x16,16,256,256,3000,cache-references,<not
t16x16,16,256,256,3000,stalled-cycles-frontend,<not
t16x16,16,256,256,3000,stalled-cycles-backend,<not
t16x16,32,1024,1024,3000,cycles,2195512
t16x16,32,1024,1024,3000,instructions,3858722
t16x16,32,1024,1024,3000,L1-dcache-loads,935619
t16x16,32,1024,1024,3000,L1-dcache-load-misses,<not
t16x16,32,1024,1024,3000,LLC-loads,8865
t16x16,32,1024,1024,3000,LLC-load-misses,0
t16x16,32,1024,1024,3000,LLC-stores,<not
t16x16,32,1024,1024,3000,LLC-store-misses,<not
t16x16,32,1024,1024,3000,cache-misses,<not
t16x16,32,1024,1024,3000,cache-references,<not
t16x16,32,1024,1024,3000,stalled-cycles-frontend,<not
t16x16,32,1024,1024,3000,stalled-cycles-backend,<not
t16x16,64,4096,4096,3000,cycles,<not
t16x16,64,4096,4096,3000,instructions,<not
t16x16,64,4096,4096,3000,L1-dcache-loads,<not
t16x16,64,4096,4096,3000,L1-dcache-load-misses,<not
t16x16,64,4096,4096,3000,LLC-loads,<not
t16x16,64,4096,4096,3000,LLC-load-misses,<not
t16x16,64,4096,4096,3000,LLC-stores,<not
t16x16,64,4096,4096,3000,LLC-store-misses,<not
t16x16,64,4096,4096,3000,cache-misses,<not
t16x16,64,4096,4096,3000,cache-references,<not
t16x16,64,4096,4096,3000,stalled-cycles-frontend,<not
t16x16,64,4096,4096,3000,stalled-cycles-backend,<not
t32x32,4,16,16,3000,cycles,<not
t32x32,4,16,16,3000,instructions,<not
t32x32,4,16,16,3000,L1-dcache-loads,<not
t32x32,4,16,16,3000,L1-dcache-load-misses,<not
t32x32,4,16,16,3000,LLC-loads,<not
t32x32,4,16,16,3000,LLC-load-misses,<not
t32x32,4,16,16,3000,LLC-stores,<not
t32x32,4,16,16,3000,LLC-store-misses,<not
t32x32,4,16,16,3000,cache-misses,<not
t32x32,4,16,16,3000,cache-references,<not
t32x32,4,16,16,3000,stalled-cycles-frontend,<not
t32x32,4,16,16,3000,stalled-cycles-backend,<not
t32x32,8,64,64,3000,cycles,20796222
t32x32,8,64,64,3000,instructions,12507798
t32x32,8,64,64,3000,L1-dcache-loads,3032899
t32x32,8,64,64,3000,L1-dcache-load-misses,<not
t32x32,8,64,64,3000,LLC-loads,28739
t32x32,8,64,64,3000,LLC-load-misses,0
t32x32,8,64,64,3000,LLC-stores,<not
t32x32,8,64,64,3000,LLC-store-misses,<not
t32x32,8,64,64,3000,cache-misses,<not
t32x32,8,64,64,3000,cache-references,<not
t32x32,8,64,64,3000,stalled-cycles-frontend,<not
t32x32,8,64,64,3000,stalled-cycles-backend,<not
t32x32,16,256,256,3000,cycles,22499378
t32x32,16,256,256,3000,instructions,14149880
t32x32,16,256,256,3000,L1-dcache-loads,3430722
t32x32,16,256,256,3000,L1-dcache-load-misses,<not
t32x32,16,256,256,3000,LLC-loads,32640
t32x32,16,256,256,3000,LLC-load-misses,0
t32x32,16,256,256,3000,LLC-stores,<not
t32x32,16,256,256,3000,LLC-store-misses,<not
t32x32,16,256,256,3000,cache-misses,<not
t32x32,16,256,256,3000,cache-references,<not
t32x32,16,256,256,3000,stalled-cycles-frontend,<not
t32x32,16,256,256,3000,stalled-cycles-backend,<not
t32x32,32,1024,1024,3000,cycles,24070846
t32x32,32,1024,1024,3000,instructions,14333972
t32x32,32,1024,1024,3000,L1-dcache-loads,3475534
t32x32,32,1024,1024,3000,L1-dcache-load-misses,<not
t32x32,32,1024,1024,3000,LLC-loads,32164
t32x32,32,1024,1024,3000,LLC-load-misses,0
t32x32,32,1024,1024,3000,LLC-stores,<not
t32x32,32,1024,1024,3000,LLC-store-misses,<not
t32x32,32,1024,1024,3000,cache-misses,<not
t32x32,32,1024,1024,3000,cache-references,<not
t32x32,32,1024,1024,3000,stalled-cycles-frontend,<not
t32x32,32,1024,1024,3000,stalled-cycles-backend,<not
t32x32,64,4096,4096,3000,cycles,23069443
t32x32,64,4096,4096,3000,instructions,13667380
t32x32,64,4096,4096,3000,L1-dcache-loads,3313912
t32x32,64,4096,4096,3000,L1-dcache-load-misses,<not
t32x32,64,4096,4096,3000,LLC-loads,32200
t32x32,64,4096,4096,3000,LLC-load-misses,0
t32x32,64,4096,4096,3000,LLC-stores,<not
t32x32,64,4096,4096,3000,LLC-store-misses,<not
t32x32,64,4096,4096,3000,cache-misses,<not
t32x32,64,4096,4096,3000,cache-references,<not
t32x32,64,4096,4096,3000,stalled-cycles-frontend,<not
t32x32,64,4096,4096,3000,stalled-cycles-backend,<not
t64x64,4,16,16,3000,cycles,<not
t64x64,4,16,16,3000,instructions,<not
t64x64,4,16,16,3000,L1-dcache-loads,<not
t64x64,4,16,16,3000,L1-dcache-load-misses,<not
t64x64,4,16,16,3000,LLC-loads,<not
t64x64,4,16,16,3000,LLC-load-misses,<not
t64x64,4,16,16,3000,LLC-stores,<not
t64x64,4,16,16,3000,LLC-store-misses,<not
t64x64,4,16,16,3000,cache-misses,<not
t64x64,4,16,16,3000,cache-references,<not
t64x64,4,16,16,3000,stalled-cycles-frontend,<not
t64x64,4,16,16,3000,stalled-cycles-backend,<not
t64x64,8,64,64,3000,cycles,87740790
t64x64,8,64,64,3000,instructions,57581410
t64x64,8,64,64,3000,L1-dcache-loads,13961666
t64x64,8,64,64,3000,L1-dcache-load-misses,<not
t64x64,8,64,64,3000,LLC-loads,137218
t64x64,8,64,64,3000,LLC-load-misses,258
t64x64,8,64,64,3000,LLC-stores,<not
t64x64,8,64,64,3000,LLC-store-misses,<not
t64x64,8,64,64,3000,cache-misses,<not
t64x64,8,64,64,3000,cache-references,<not
t64x64,8,64,64,3000,stalled-cycles-frontend,<not
t64x64,8,64,64,3000,stalled-cycles-backend,<not
t64x64,16,256,256,3000,cycles,<not
t64x64,16,256,256,3000,instructions,<not
t64x64,16,256,256,3000,L1-dcache-loads,<not
t64x64,16,256,256,3000,L1-dcache-load-misses,<not
t64x64,16,256,256,3000,LLC-loads,<not
t64x64,16,256,256,3000,LLC-load-misses,<not
t64x64,16,256,256,3000,LLC-stores,<not
t64x64,16,256,256,3000,LLC-store-misses,<not
t64x64,16,256,256,3000,cache-misses,<not
t64x64,16,256,256,3000,cache-references,<not
t64x64,16,256,256,3000,stalled-cycles-frontend,<not
t64x64,16,256,256,3000,stalled-cycles-backend,<not
t64x64,32,1024,1024,3000,cycles,67235819
t64x64,32,1024,1024,3000,instructions,52028228
t64x64,32,1024,1024,3000,L1-dcache-loads,12614552
t64x64,32,1024,1024,3000,L1-dcache-load-misses,<not
t64x64,32,1024,1024,3000,LLC-loads,128188
t64x64,32,1024,1024,3000,LLC-load-misses,0
t64x64,32,1024,1024,3000,LLC-stores,<not
t64x64,32,1024,1024,3000,LLC-store-misses,<not
t64x64,32,1024,1024,3000,cache-misses,<not
t64x64,32,1024,1024,3000,cache-references,<not
t64x64,32,1024,1024,3000,stalled-cycles-frontend,<not
t64x64,32,1024,1024,3000,stalled-cycles-backend,<not
t64x64,64,4096,4096,3000,cycles,95273480
t64x64,64,4096,4096,3000,instructions,59228020
t64x64,64,4096,4096,3000,L1-dcache-loads,14360184
t64x64,64,4096,4096,3000,L1-dcache-load-misses,<not
t64x64,64,4096,4096,3000,LLC-loads,130510
t64x64,64,4096,4096,3000,LLC-load-misses,265
t64x64,64,4096,4096,3000,LLC-stores,<not
t64x64,64,4096,4096,3000,LLC-store-misses,<not
t64x64,64,4096,4096,3000,cache-misses,<not
t64x64,64,4096,4096,3000,cache-references,<not
t64x64,64,4096,4096,3000,stalled-cycles-frontend,<not
t64x64,64,4096,4096,3000,stalled-cycles-backend,<not
